-- phpMyAdmin SQL Dump
-- version 4.0.10.7
-- http://www.phpmyadmin.net
--
-- Хост: localhost
-- Час створення: Вер 14 2015 р., 00:55
-- Версія сервера: 5.6.23
-- Версія PHP: 5.4.31

SET SQL_MODE = "NO_AUTO_VALUE_ON_ZERO";
SET time_zone = "+00:00";


/*!40101 SET @OLD_CHARACTER_SET_CLIENT=@@CHARACTER_SET_CLIENT */;
/*!40101 SET @OLD_CHARACTER_SET_RESULTS=@@CHARACTER_SET_RESULTS */;
/*!40101 SET @OLD_COLLATION_CONNECTION=@@COLLATION_CONNECTION */;
/*!40101 SET NAMES cp1251 */;

--
-- База даних: `fontDB`
--

-- --------------------------------------------------------

--
-- Структура таблиці `lang`
--

CREATE TABLE IF NOT EXISTS `lang` (
  `id` int(11) NOT NULL AUTO_INCREMENT,
  `name` varchar(255) NOT NULL,
  `code` varchar(10) NOT NULL,
  `status` enum('0','1') NOT NULL DEFAULT '1',
  PRIMARY KEY (`id`),
  KEY `id` (`id`),
  KEY `id_2` (`id`)
) ENGINE=InnoDB  DEFAULT CHARSET=utf8 AUTO_INCREMENT=2 ;

--
-- Дамп даних таблиці `lang`
--

INSERT INTO `lang` (`id`, `name`, `code`, `status`) VALUES
(1, 'russian', '', '1');

-- --------------------------------------------------------

--
-- Структура таблиці `lang_groups`
--

CREATE TABLE IF NOT EXISTS `lang_groups` (
  `id` int(11) NOT NULL AUTO_INCREMENT,
  `name` varchar(255) NOT NULL,
  PRIMARY KEY (`id`),
  KEY `id` (`id`)
) ENGINE=InnoDB  DEFAULT CHARSET=utf8 AUTO_INCREMENT=19 ;

--
-- Дамп даних таблиці `lang_groups`
--

INSERT INTO `lang_groups` (`id`, `name`) VALUES
(1, 'email_lang'),
(3, 'thissite_lang'),
(4, 'smsaero_lang'),
(5, 'imglib_lang'),
(6, 'recall_lang'),
(7, 'db_lang'),
(8, 'migration_lang'),
(9, 'auth_lang'),
(10, 'calendar_lang'),
(11, 'profiler_lang'),
(12, 'upload_lang'),
(13, 'unit_test_lang'),
(14, 'ion_auth_lang'),
(15, 'date_lang'),
(16, 'ftp_lang'),
(17, 'form_validation_lang'),
(18, 'number_lang');

-- --------------------------------------------------------

--
-- Структура таблиці `lang_key`
--

CREATE TABLE IF NOT EXISTS `lang_key` (
  `id` int(11) NOT NULL AUTO_INCREMENT,
  `key` varchar(255) NOT NULL,
  `group_id` int(11) NOT NULL,
  PRIMARY KEY (`id`),
  KEY `id` (`id`),
  KEY `group_id` (`group_id`),
  KEY `group_id_2` (`group_id`)
) ENGINE=InnoDB  DEFAULT CHARSET=utf8 AUTO_INCREMENT=591 ;

--
-- Дамп даних таблиці `lang_key`
--

INSERT INTO `lang_key` (`id`, `key`, `group_id`) VALUES
(1, 'email_must_be_array', 1),
(2, 'email_invalid_address', 1),
(3, 'email_attachment_missing', 1),
(4, 'email_attachment_unreadable', 1),
(5, 'email_no_recipients', 1),
(6, 'email_send_failure_phpmail', 1),
(7, 'email_send_failure_sendmail', 1),
(8, 'email_send_failure_smtp', 1),
(9, 'email_sent', 1),
(10, 'email_no_socket', 1),
(11, 'email_no_hostname', 1),
(12, 'email_smtp_error', 1),
(13, 'email_no_smtp_unpw', 1),
(14, 'email_failed_smtp_login', 1),
(15, 'email_smtp_auth_un', 1),
(16, 'email_smtp_auth_pw', 1),
(17, 'email_smtp_data_failure', 1),
(18, 'email_exit_status', 1),
(23, 'admin panel', 3),
(24, 'yes', 3),
(25, 'no', 3),
(26, 'path site', 3),
(27, 'site', 3),
(28, 'catalog', 3),
(29, 'title', 3),
(30, 'description', 3),
(31, 'keywords', 3),
(32, 'name', 3),
(33, 'status', 3),
(34, 'text', 3),
(35, 'settings', 3),
(36, 'uri', 3),
(37, 'users', 3),
(38, 'managers', 3),
(39, 'name user', 3),
(40, 'pages', 3),
(41, 'date', 3),
(42, 'photos', 3),
(43, 'groups', 3),
(44, 'menu', 3),
(45, 'weddings', 3),
(46, 'upload_file', 3),
(47, 'country', 3),
(48, 'articles', 3),
(49, 'name setting', 3),
(50, 'value', 3),
(51, 'not read', 3),
(52, 'read', 3),
(53, 'write', 3),
(54, 'news', 3),
(55, 'messages', 3),
(56, 'questions', 3),
(57, 'questions_themes', 3),
(58, 'answers', 3),
(59, 'professions', 3),
(60, 'specializations', 3),
(61, 'posts', 3),
(62, 'categories', 3),
(63, 'check_main_img', 3),
(64, 'ads', 3),
(65, 'comments', 3),
(66, 'banners', 3),
(67, 'items', 3),
(68, 'emails', 3),
(69, 'index_img', 3),
(70, 'tags', 3),
(71, 'link to resource', 3),
(72, 'signature', 3),
(73, 'img', 3),
(74, 'likes', 3),
(75, 'views', 3),
(76, 'forgot_password', 3),
(77, 'accepted', 4),
(78, 'delivery success', 4),
(79, 'smsc submit', 4),
(80, 'queue', 4),
(81, 'empty field', 4),
(82, 'incorrect user or password', 4),
(83, 'no credits', 4),
(84, 'incorrect sender name', 4),
(85, 'incorrect destination adress', 4),
(86, 'incorrect date', 4),
(87, 'in blacklist', 4),
(88, 'delivery failure', 4),
(89, 'smsc reject', 4),
(90, 'wait status', 4),
(91, 'incorrect id', 4),
(92, 'number', 4),
(93, 'join', 4),
(94, 'imglib_source_image_required', 5),
(95, 'imglib_gd_required', 5),
(96, 'imglib_gd_required_for_props', 5),
(97, 'imglib_unsupported_imagecreate', 5),
(98, 'imglib_gif_not_supported', 5),
(99, 'imglib_jpg_not_supported', 5),
(100, 'imglib_png_not_supported', 5),
(101, 'imglib_jpg_or_png_required', 5),
(102, 'imglib_copy_error', 5),
(103, 'imglib_rotate_unsupported', 5),
(104, 'imglib_libpath_invalid', 5),
(105, 'imglib_image_process_failed', 5),
(106, 'imglib_rotation_angle_required', 5),
(107, 'imglib_writing_failed_gif', 5),
(108, 'imglib_invalid_path', 5),
(109, 'imglib_copy_failed', 5),
(110, 'imglib_missing_font', 5),
(111, 'imglib_save_failed', 5),
(112, 'recall', 6),
(113, 'recall_from', 6),
(114, 'recall_name', 6),
(115, 'recall_contacts', 6),
(116, 'recall_time', 6),
(117, 'recall_message', 6),
(118, 'recall_message_hint', 6),
(119, 'send', 6),
(120, 'thanks', 6),
(121, 'message_sent', 6),
(122, 'send_more', 6),
(123, 'db_invalid_connection_str', 7),
(124, 'db_unable_to_connect', 7),
(125, 'db_unable_to_select', 7),
(126, 'db_unable_to_create', 7),
(127, 'db_invalid_query', 7),
(128, 'db_must_set_table', 7),
(129, 'db_must_use_set', 7),
(130, 'db_must_use_index', 7),
(131, 'db_batch_missing_index', 7),
(132, 'db_must_use_where', 7),
(133, 'db_del_must_use_where', 7),
(134, 'db_field_param_missing', 7),
(135, 'db_unsupported_function', 7),
(136, 'db_transaction_failure', 7),
(137, 'db_unable_to_drop', 7),
(138, 'db_unsuported_feature', 7),
(139, 'db_unsuported_compression', 7),
(140, 'db_filepath_error', 7),
(141, 'db_invalid_cache_path', 7),
(142, 'db_table_name_required', 7),
(143, 'db_column_name_required', 7),
(144, 'db_column_definition_required', 7),
(145, 'db_unable_to_set_charset', 7),
(146, 'db_error_heading', 7),
(147, 'migration_none_found', 8),
(148, 'migration_not_found', 8),
(149, 'migration_multiple_version', 8),
(150, 'migration_class_doesnt_exist', 8),
(151, 'migration_missing_up_method', 8),
(152, 'migration_missing_down_method', 8),
(153, 'migration_invalid_filename', 8),
(154, 'error_csrf', 9),
(155, 'login_heading', 9),
(156, 'login_subheading', 9),
(157, 'login_identity_label', 9),
(158, 'login_password_label', 9),
(159, 'login_remember_label', 9),
(160, 'login_submit_btn', 9),
(161, 'login_forgot_password', 9),
(162, 'index_heading', 9),
(163, 'index_subheading', 9),
(164, 'index_fname_th', 9),
(165, 'index_lname_th', 9),
(166, 'index_email_th', 9),
(167, 'index_groups_th', 9),
(168, 'index_status_th', 9),
(169, 'index_action_th', 9),
(170, 'index_active_link', 9),
(171, 'index_inactive_link', 9),
(172, 'index_create_user_link', 9),
(173, 'index_create_group_link', 9),
(174, 'deactivate_heading', 9),
(175, 'deactivate_subheading', 9),
(176, 'deactivate_confirm_y_label', 9),
(177, 'deactivate_confirm_n_label', 9),
(178, 'deactivate_submit_btn', 9),
(179, 'deactivate_validation_confirm_label', 9),
(180, 'deactivate_validation_user_id_label', 9),
(181, 'create_user_heading', 9),
(182, 'create_user_subheading', 9),
(183, 'create_user_fname_label', 9),
(184, 'create_user_lname_label', 9),
(185, 'create_user_company_label', 9),
(186, 'create_user_email_label', 9),
(187, 'create_user_phone_label', 9),
(188, 'create_user_password_label', 9),
(189, 'create_user_password_confirm_label', 9),
(190, 'create_user_submit_btn', 9),
(191, 'create_user_validation_fname_label', 9),
(192, 'create_user_validation_lname_label', 9),
(193, 'create_user_validation_email_label', 9),
(194, 'create_user_validation_phone1_label', 9),
(195, 'create_user_validation_phone2_label', 9),
(196, 'create_user_validation_phone3_label', 9),
(197, 'create_user_validation_company_label', 9),
(198, 'create_user_validation_password_label', 9),
(199, 'create_user_validation_password_confirm_label', 9),
(200, 'edit_user_heading', 9),
(201, 'edit_user_subheading', 9),
(202, 'edit_user_fname_label', 9),
(203, 'edit_user_lname_label', 9),
(204, 'edit_user_company_label', 9),
(205, 'edit_user_email_label', 9),
(206, 'edit_user_phone_label', 9),
(207, 'edit_user_password_label', 9),
(208, 'edit_user_password_confirm_label', 9),
(209, 'edit_user_groups_heading', 9),
(210, 'edit_user_submit_btn', 9),
(211, 'edit_user_validation_fname_label', 9),
(212, 'edit_user_validation_lname_label', 9),
(213, 'edit_user_validation_email_label', 9),
(214, 'edit_user_validation_phone1_label', 9),
(215, 'edit_user_validation_phone2_label', 9),
(216, 'edit_user_validation_phone3_label', 9),
(217, 'edit_user_validation_company_label', 9),
(218, 'edit_user_validation_groups_label', 9),
(219, 'edit_user_validation_password_label', 9),
(220, 'edit_user_validation_password_confirm_label', 9),
(221, 'create_group_title', 9),
(222, 'create_group_heading', 9),
(223, 'create_group_subheading', 9),
(224, 'create_group_name_label', 9),
(225, 'create_group_desc_label', 9),
(226, 'create_group_submit_btn', 9),
(227, 'create_group_validation_name_label', 9),
(228, 'create_group_validation_desc_label', 9),
(229, 'edit_group_title', 9),
(230, 'edit_group_saved', 9),
(231, 'edit_group_heading', 9),
(232, 'edit_group_subheading', 9),
(233, 'edit_group_name_label', 9),
(234, 'edit_group_desc_label', 9),
(235, 'edit_group_submit_btn', 9),
(236, 'edit_group_validation_name_label', 9),
(237, 'edit_group_validation_desc_label', 9),
(238, 'change_password_heading', 9),
(239, 'change_password_old_password_label', 9),
(240, 'change_password_new_password_label', 9),
(241, 'change_password_new_password_confirm_label', 9),
(242, 'change_password_submit_btn', 9),
(243, 'change_password_validation_old_password_label', 9),
(244, 'change_password_validation_new_password_label', 9),
(245, 'change_password_validation_new_password_confirm_label', 9),
(246, 'forgot_password_heading', 9),
(247, 'forgot_password_subheading', 9),
(248, 'forgot_password_email_label', 9),
(249, 'forgot_password_submit_btn', 9),
(250, 'forgot_password_validation_email_label', 9),
(251, 'forgot_password_username_identity_label', 9),
(252, 'forgot_password_email_identity_label', 9),
(253, 'forgot_password_back', 9),
(254, 'forgot_password_email_not_found', 9),
(255, 'reset_password_heading', 9),
(256, 'reset_password_new_password_label', 9),
(257, 'reset_password_new_password_confirm_label', 9),
(258, 'reset_password_submit_btn', 9),
(259, 'reset_password_validation_new_password_label', 9),
(260, 'reset_password_validation_new_password_confirm_label', 9),
(261, 'email_activate_heading', 9),
(262, 'email_activate_subheading', 9),
(263, 'email_activate_link', 9),
(264, 'email_forgot_password_heading', 9),
(265, 'email_forgot_password_subheading', 9),
(266, 'email_forgot_password_link', 9),
(267, 'email_new_password_heading', 9),
(268, 'email_new_password_subheading', 9),
(269, 'cal_su', 10),
(270, 'cal_mo', 10),
(271, 'cal_tu', 10),
(272, 'cal_we', 10),
(273, 'cal_th', 10),
(274, 'cal_fr', 10),
(275, 'cal_sa', 10),
(276, 'cal_sun', 10),
(277, 'cal_mon', 10),
(278, 'cal_tue', 10),
(279, 'cal_wed', 10),
(280, 'cal_thu', 10),
(281, 'cal_fri', 10),
(282, 'cal_sat', 10),
(283, 'cal_sunday', 10),
(284, 'cal_monday', 10),
(285, 'cal_tuesday', 10),
(286, 'cal_wednesday', 10),
(287, 'cal_thursday', 10),
(288, 'cal_friday', 10),
(289, 'cal_saturday', 10),
(290, 'cal_jan', 10),
(291, 'cal_feb', 10),
(292, 'cal_mar', 10),
(293, 'cal_apr', 10),
(294, 'cal_may', 10),
(295, 'cal_jun', 10),
(296, 'cal_jul', 10),
(297, 'cal_aug', 10),
(298, 'cal_sep', 10),
(299, 'cal_oct', 10),
(300, 'cal_nov', 10),
(301, 'cal_dec', 10),
(302, 'cal_january', 10),
(303, 'cal_february', 10),
(304, 'cal_march', 10),
(305, 'cal_april', 10),
(306, 'cal_mayl', 10),
(307, 'cal_june', 10),
(308, 'cal_july', 10),
(309, 'cal_august', 10),
(310, 'cal_september', 10),
(311, 'cal_october', 10),
(312, 'cal_november', 10),
(313, 'cal_december', 10),
(314, 'cals_january', 10),
(315, 'cals_february', 10),
(316, 'cals_march', 10),
(317, 'cals_april', 10),
(318, 'cals_mayl', 10),
(319, 'cals_june', 10),
(320, 'cals_july', 10),
(321, 'cals_august', 10),
(322, 'cals_september', 10),
(323, 'cals_october', 10),
(324, 'cals_november', 10),
(325, 'cals_december', 10),
(326, 'profiler_database', 11),
(327, 'profiler_controller_info', 11),
(328, 'profiler_benchmarks', 11),
(329, 'profiler_queries', 11),
(330, 'profiler_get_data', 11),
(331, 'profiler_post_data', 11),
(332, 'profiler_uri_string', 11),
(333, 'profiler_memory_usage', 11),
(334, 'profiler_config', 11),
(335, 'profiler_session_data', 11),
(336, 'profiler_headers', 11),
(337, 'profiler_no_db', 11),
(338, 'profiler_no_queries', 11),
(339, 'profiler_no_post', 11),
(340, 'profiler_no_get', 11),
(341, 'profiler_no_uri', 11),
(342, 'profiler_no_memory', 11),
(343, 'profiler_no_profiles', 11),
(344, 'profiler_section_hide', 11),
(345, 'profiler_section_show', 11),
(346, 'upload_userfile_not_set', 12),
(347, 'upload_file_exceeds_limit', 12),
(348, 'upload_file_exceeds_form_limit', 12),
(349, 'upload_file_partial', 12),
(350, 'upload_no_temp_directory', 12),
(351, 'upload_unable_to_write_file', 12),
(352, 'upload_stopped_by_extension', 12),
(353, 'upload_no_file_selected', 12),
(354, 'upload_invalid_filetype', 12),
(355, 'upload_invalid_filesize', 12),
(356, 'upload_invalid_dimensions', 12),
(357, 'upload_destination_error', 12),
(358, 'upload_no_filepath', 12),
(359, 'upload_no_file_types', 12),
(360, 'upload_bad_filename', 12),
(361, 'upload_not_writable', 12),
(362, 'ut_test_name', 13),
(363, 'ut_test_datatype', 13),
(364, 'ut_res_datatype', 13),
(365, 'ut_result', 13),
(366, 'ut_undefined', 13),
(367, 'ut_file', 13),
(368, 'ut_line', 13),
(369, 'ut_passed', 13),
(370, 'ut_failed', 13),
(371, 'ut_boolean', 13),
(372, 'ut_integer', 13),
(373, 'ut_float', 13),
(374, 'ut_double', 13),
(375, 'ut_string', 13),
(376, 'ut_array', 13),
(377, 'ut_object', 13),
(378, 'ut_resource', 13),
(379, 'ut_null', 13),
(380, 'ut_notes', 13),
(381, 'account_creation_successful', 14),
(382, 'account_creation_unsuccessful', 14),
(383, 'account_creation_duplicate_email', 14),
(384, 'account_creation_duplicate_username', 14),
(385, 'password_change_successful', 14),
(386, 'password_change_unsuccessful', 14),
(387, 'forgot_password_successful', 14),
(388, 'forgot_password_unsuccessful', 14),
(389, 'activate_successful', 14),
(390, 'activate_unsuccessful', 14),
(391, 'deactivate_successful', 14),
(392, 'deactivate_unsuccessful', 14),
(393, 'activation_email_successful', 14),
(394, 'activation_email_unsuccessful', 14),
(395, 'login_successful', 14),
(396, 'login_unsuccessful', 14),
(397, 'logout_successful', 14),
(398, 'update_successful', 14),
(399, 'update_unsuccessful', 14),
(400, 'delete_successful', 14),
(401, 'delete_unsuccessful', 14),
(402, 'email_forgotten_password_subject', 14),
(403, 'email_new_password_subject', 14),
(404, 'email_activation_subject', 14),
(405, 'date_year', 15),
(406, 'date_years', 15),
(407, 'date_month', 15),
(408, 'date_months', 15),
(409, 'date_week', 15),
(410, 'date_weeks', 15),
(411, 'date_day', 15),
(412, 'date_days', 15),
(413, 'date_hour', 15),
(414, 'date_hours', 15),
(415, 'date_minute', 15),
(416, 'date_minutes', 15),
(417, 'date_second', 15),
(418, 'date_seconds', 15),
(419, 'UM12', 15),
(420, 'UM11', 15),
(421, 'UM10', 15),
(422, 'UM95', 15),
(423, 'UM9', 15),
(424, 'UM8', 15),
(425, 'UM7', 15),
(426, 'UM6', 15),
(427, 'UM5', 15),
(428, 'UM45', 15),
(429, 'UM4', 15),
(430, 'UM35', 15),
(431, 'UM3', 15),
(432, 'UM2', 15),
(433, 'UM1', 15),
(434, 'UTC', 15),
(435, 'UP1', 15),
(436, 'UP2', 15),
(437, 'UP3', 15),
(438, 'UP35', 15),
(439, 'UP4', 15),
(440, 'UP45', 15),
(441, 'UP5', 15),
(442, 'UP55', 15),
(443, 'UP575', 15),
(444, 'UP6', 15),
(445, 'UP65', 15),
(446, 'UP7', 15),
(447, 'UP8', 15),
(448, 'UP875', 15),
(449, 'UP9', 15),
(450, 'UP95', 15),
(451, 'UP10', 15),
(452, 'UP105', 15),
(453, 'UP11', 15),
(454, 'UP115', 15),
(455, 'UP12', 15),
(456, 'UP1275', 15),
(457, 'UP13', 15),
(458, 'UP14', 15),
(459, 'ftp_no_connection', 16),
(460, 'ftp_unable_to_connect', 16),
(461, 'ftp_unable_to_login', 16),
(462, 'ftp_unable_to_makdir', 16),
(463, 'ftp_unable_to_changedir', 16),
(464, 'ftp_unable_to_chmod', 16),
(465, 'ftp_unable_to_upload', 16),
(466, 'ftp_unable_to_download', 16),
(467, 'ftp_no_source_file', 16),
(468, 'ftp_unable_to_rename', 16),
(469, 'ftp_unable_to_delete', 16),
(470, 'ftp_unable_to_move', 16),
(471, 'required', 17),
(472, 'isset', 17),
(473, 'valid_email', 17),
(474, 'valid_emails', 17),
(475, 'valid_url', 17),
(476, 'valid_ip', 17),
(477, 'min_length', 17),
(478, 'max_length', 17),
(479, 'exact_length', 17),
(480, 'alpha', 17),
(481, 'alpha_numeric', 17),
(482, 'alpha_dash', 17),
(483, 'numeric', 17),
(484, 'is_numeric', 17),
(485, 'integer', 17),
(486, 'regex_match', 17),
(487, 'matches', 17),
(488, 'is_unique', 17),
(489, 'is_natural', 17),
(490, 'is_natural_no_zero', 17),
(491, 'decimal', 17),
(492, 'less_than', 17),
(493, 'greater_than', 17),
(494, 'terabyte_abbr', 18),
(495, 'gigabyte_abbr', 18),
(496, 'megabyte_abbr', 18),
(497, 'kilobyte_abbr', 18),
(498, 'bytes', 18),
(499, 'key', 3),
(500, 'group', 3),
(501, 'lang', 3),
(502, 'profiler_get', 11),
(503, 'profiler_post', 11),
(504, 'profiler_http_headers', 11),
(506, 'link to genaration', 3),
(515, 'faqs', 3),
(516, 'question', 3),
(517, 'answer', 3),
(536, 'end', 3),
(537, 'staff', 3),
(538, 'specialty', 3),
(539, 'specialty', 3),
(540, 'specialty', 3),
(541, 'specialty', 3),
(542, 'surname', 3),
(543, 'phone', 3),
(544, 'birthday', 3),
(545, 'address', 3),
(546, 'salary', 3),
(547, 'payday', 3),
(548, 'customers', 3),
(549, 'projects', 3),
(550, 'sum', 3),
(551, 'specification', 3),
(552, 'agreement', 3),
(553, 'date_start', 3),
(554, 'date_end', 3),
(555, 'credits', 3),
(556, 'bankcard', 3),
(557, 'currency', 3),
(558, 'abbr', 3),
(559, 'link', 3),
(560, 'income', 3),
(561, 'logout', 3),
(562, 'clubs', 3),
(563, 'events', 3),
(564, 'dateof', 3),
(565, 'club', 3),
(566, 'social_network', 3),
(567, 'login', 3),
(568, 'surname', 3),
(569, 'pass_confirm', 3),
(570, 'password', 3),
(571, 'companies', 3),
(572, 'Full application form', 3),
(573, 'Short application form', 3),
(574, 'sliders', 3),
(575, 'offers', 3),
(576, 'fonts', 3),
(577, 'present_font', 3),
(578, 'main', 3),
(579, 'blog', 3),
(580, 'programs', 3),
(581, 'add_font', 3),
(582, 'special', 3),
(583, 'offers', 3),
(584, 'types', 3),
(585, 'categories', 3),
(586, 'type', 3),
(587, 'free fonts', 3),
(588, 'feedback', 3),
(589, 'useful', 3),
(590, 'orders category', 3);

-- --------------------------------------------------------

--
-- Структура таблиці `lang_value`
--

CREATE TABLE IF NOT EXISTS `lang_value` (
  `id` int(11) NOT NULL AUTO_INCREMENT,
  `value` varchar(255) NOT NULL,
  `key_id` int(11) NOT NULL,
  `lang_id` int(11) NOT NULL,
  PRIMARY KEY (`id`),
  KEY `lang_id` (`lang_id`),
  KEY `key_id` (`key_id`)
) ENGINE=InnoDB  DEFAULT CHARSET=utf8 AUTO_INCREMENT=866 ;

--
-- Дамп даних таблиці `lang_value`
--

INSERT INTO `lang_value` (`id`, `value`, `key_id`, `lang_id`) VALUES
(1, 'Метод проверки электронной почты должен быть передан массивом.', 1, 1),
(2, 'Неправильный адрес электронной почты: %s', 2, 1),
(3, 'Невозможно найти следующее вложение: %s', 3, 1),
(4, 'Невозможно открыть это вложение: %s', 4, 1),
(5, 'Вы должны указать получаетелей: To, Cc или Bcc', 5, 1),
(6, 'Невозможно отправить почту через PHP mail().  Ваш сервер может быть не сконфигурирован для отправки почты этим методом.', 6, 1),
(7, 'Невозможно отправить почту через PHP Sendmail.  Ваш сервер может быть не сконфигурирован для отправки почты этим методом.', 7, 1),
(8, 'Невозможно отправить почту через PHP SMTP.  Ваш сервер может быть не сконфигурирован для отправки почты этим методом.', 8, 1),
(9, 'Ваше сообщение успешно отправлено, используя протокол: %s', 9, 1),
(10, 'Невозможно открыть сокет к Sendmail. Пожалуйста проверьте настройки.', 10, 1),
(11, 'Вы не указали имя хоста SMTP.', 11, 1),
(12, 'Произошла следующая ошибка SMTP: %s', 12, 1),
(13, 'Ошибка: Вы должны указать имя пользователя и пароль SMTP.', 13, 1),
(14, 'Не удалось отправить команду AUTH LOGIN. Ошибка: %s', 14, 1),
(15, 'Не удалось авторизовать имя пользователя. Ошибка: %s', 15, 1),
(16, 'Не удалось авторизовать пароль. Ошибка: %s', 16, 1),
(17, 'Невозможно отправить данные: %s', 17, 1),
(18, 'Код статуса выхода: %s', 18, 1),
(23, 'Админ панель', 23, 1),
(24, 'Да', 24, 1),
(25, 'Нет', 25, 1),
(26, 'На сайт', 26, 1),
(27, 'На сайт', 27, 1),
(28, 'Каталог', 28, 1),
(29, 'Мета тег(title)', 29, 1),
(30, 'Мета тег(description)', 30, 1),
(31, 'Мета тег(keywords)', 31, 1),
(32, 'Имя', 32, 1),
(33, 'Статус', 33, 1),
(34, 'Текст', 34, 1),
(35, 'Настройки', 35, 1),
(36, 'Ссылка', 36, 1),
(37, 'Пользователи', 37, 1),
(38, 'Администраторы', 38, 1),
(39, 'Пользователь', 39, 1),
(40, 'Страницы', 40, 1),
(41, 'Дата', 41, 1),
(42, 'Фото', 42, 1),
(43, 'Сбор групп', 43, 1),
(44, 'Меню', 44, 1),
(45, 'Свадьбы', 45, 1),
(46, 'Загрузить файл', 46, 1),
(47, 'Страны', 47, 1),
(48, 'Статьи', 48, 1),
(49, 'Название настройки', 49, 1),
(50, 'Значение', 50, 1),
(51, 'Не прочитано', 51, 1),
(52, 'Прочитано', 52, 1),
(53, 'Напишите мне', 53, 1),
(54, 'Новости', 54, 1),
(55, 'Сообщения', 55, 1),
(56, 'Вопросы', 56, 1),
(57, 'Темы(Вопросов)', 57, 1),
(58, 'Ответы', 58, 1),
(59, 'Профессии', 59, 1),
(60, 'Специализации юристов', 60, 1),
(61, 'Посты', 61, 1),
(62, 'Категория', 62, 1),
(63, 'Для категории на главной нужно изображение', 63, 1),
(64, 'Объявления', 64, 1),
(65, 'Комментарии', 65, 1),
(66, 'Баннеры', 66, 1),
(67, 'Пункты', 67, 1),
(68, 'Список рассылки', 68, 1),
(69, 'Изображение категории на главной(320Х320)', 69, 1),
(70, 'Теги', 70, 1),
(71, 'Ссылка на ресурс', 71, 1),
(72, 'Подпись', 72, 1),
(73, 'Изображение', 73, 1),
(74, 'Понравилось', 74, 1),
(75, 'Просмотры', 75, 1),
(76, 'Восстановить пароль', 76, 1),
(77, 'Сообщение принято сервисом', 77, 1),
(78, 'Сообщение доставлено', 78, 1),
(79, 'Сообщение доставлено в SMSC', 79, 1),
(80, 'Ожидает отправки', 80, 1),
(81, 'Не все обязательные поля заполнены', 81, 1),
(82, 'Ошибка авторизации', 82, 1),
(83, 'Недостаточно sms на балансе', 83, 1),
(84, 'Неверная (незарегистрированная) подпись отправителя', 84, 1),
(85, 'Неверно задан номер телефона (формат 71234567890)', 85, 1),
(86, 'Неправильный формат даты', 86, 1),
(87, 'Телефон находится в черном списке', 87, 1),
(88, 'Ошибка доставки SMS', 88, 1),
(89, 'отвергнуто SMSC', 89, 1),
(90, 'Ожидание статуса (запросите позднее)', 90, 1),
(91, 'Неверный идентификатор сообщения', 91, 1),
(92, 'Номер заявки: number', 92, 1),
(93, 'К вашей заявке присоединился <username>, адрес «adress». Одобрить или отказать вы можете в личномкабинете.', 93, 1),
(94, 'Вы должны указать изображение-источник.', 94, 1),
(95, 'Для этой опции требуется библиотека GD.', 95, 1),
(96, 'Ваш сервер должен поддерживать библиотеку GD для определения свойств изображений.', 96, 1),
(97, 'Ваш сервер не поддерживает функцию библиотеки GD, требуемую для этого вида обработки изображения.', 97, 1),
(98, 'Изображения GIF не поддерживаются всвязи с лицензионными ограничениями. Вы можете использовать JPG или PNG.', 98, 1),
(99, 'Изображения JPG не поддерживаются.', 99, 1),
(100, 'Изображения PNG не поддерживаются.', 100, 1),
(101, 'Указанный протокол масштабирования изображений работает только с JPEG и PNG.', 101, 1),
(102, 'Произошла ошибка при попытке перемещения файла. Пожалуйста убедитесь в том, что ваша директория является записываемой.', 102, 1),
(103, 'Вращение изображений не поддерживается на вашем сервере.', 103, 1),
(104, 'Путь к вашей библиотеки изображений не корректный. Пожалуйста установите корректный путь в настройках.', 104, 1),
(105, 'Неудачная попытка обработки изображения. Пожалуста проверьте, что ваш сервер поддерживает выбранный протокол, и путь к библиотеки изображений корректный.', 105, 1),
(106, 'Требуется указать угол вращения.', 106, 1),
(107, 'Изображение GIF.', 107, 1),
(108, 'Путь к изображению не корректный.', 108, 1),
(109, 'Операция копирования изображения не удалась.', 109, 1),
(110, 'Невозможно найти шрифт.', 110, 1),
(111, 'Невозможно сохранить изображение. Пожалуйста, убедитесь в том, что файл и директория записываемые.', 111, 1),
(112, 'Обратная связь', 112, 1),
(113, 'Получено сообщение из обратной связи', 113, 1),
(114, 'Представьтесь, пожалуйста', 114, 1),
(115, 'Номер телефона или ID мессенджера (кроме ICQ)', 115, 1),
(116, 'В какое время (по мск) вам удобно поговорить?', 116, 1),
(117, 'Вопрос', 117, 1),
(118, '(Вы можете предварительно обозначить тему и вопросы для нашей беседы, чтобы она была более эффективна)', 118, 1),
(119, 'Отправить', 119, 1),
(120, 'Спасибо!', 120, 1),
(121, 'Ваше сообщение отправлено', 121, 1),
(122, 'Отправить еще', 122, 1),
(123, 'Невозможно определить настройки соединения БД из переданной строки.', 123, 1),
(124, 'Невозможно соединиться с БД по предоставленным настройкам.', 124, 1),
(125, 'Невозможно выбрать указанную БД: %s', 125, 1),
(126, 'Невозможно создать указанную БД: %s', 126, 1),
(127, 'Передан некорректный запрос.', 127, 1),
(128, 'Вы должны установить таблицу БД, чтобы использовать с этим запросом.', 128, 1),
(129, 'Вы должны использовать метод "set" для обновления записи.', 129, 1),
(130, 'Вы должны указать индекс для сравнения в пакетных обновлениях.', 130, 1),
(131, 'Одна или более переданных строк для пакетного обновления не содержит индекс.', 131, 1),
(132, 'Обновления не доступны без указания условия "where".', 132, 1),
(133, 'Удаление недоступно без указания условий "where" или "like".', 133, 1),
(134, 'Требуется имя таблицы, чтобы получить ее поля.', 134, 1),
(135, 'Эта функция недоступна для используемой БД.', 135, 1),
(136, 'Неудачная транзакция: выполнен откат.', 136, 1),
(137, 'Невозможно удалить указанную БД.', 137, 1),
(138, 'Неподдерживаемая функция для используемой платформы БД.', 138, 1),
(139, 'Формат сжатия файлов, который вы указали, не поддерживается вашим сервером.', 139, 1),
(140, 'Невозможно записать данные по указанному файловому пути.', 140, 1),
(141, 'Путь кеша, который вы указали, не корректный или незаписываемый.', 141, 1),
(142, 'Для этой операции требуется указать имя таблицы.', 142, 1),
(143, 'Для этой операции требуется указать имя столбца.', 143, 1),
(144, 'Для этой операции требуется определение столбца.', 144, 1),
(145, 'Невозможно установить кодировку соединения: %s', 145, 1),
(146, 'Ошибка БД', 146, 1),
(147, 'Миграции не найдены.', 147, 1),
(148, 'Эта миграция не найдена.', 148, 1),
(149, 'Есть несколько миграций с указанным номером версии: %d.', 149, 1),
(150, 'Класс миграций "%s" не найден.', 150, 1),
(151, 'Класс миграций "%s" не содержит метод ''up''.', 151, 1),
(152, 'Класс миграций "%s" не содержит метод ''down''.', 152, 1),
(153, 'Миграция "%s" содержит неправильное имя файла.', 153, 1),
(154, 'Форма не прошла проверку безопасности.', 154, 1),
(155, 'Вход', 155, 1),
(156, 'Для входа используйте email/имя пользователя и пароль.', 156, 1),
(157, 'Email:', 157, 1),
(158, 'Пароль:', 158, 1),
(159, 'Запомнить меня:', 159, 1),
(160, 'Вход', 160, 1),
(161, 'Забыли свой пароль?', 161, 1),
(162, 'Пользователь', 162, 1),
(163, 'Доступный список пользователей.', 163, 1),
(164, 'Имя', 164, 1),
(165, 'Фамилия', 165, 1),
(166, 'Email', 166, 1),
(167, 'Группы', 167, 1),
(168, 'Статус', 168, 1),
(169, 'Действие', 169, 1),
(170, 'Активный', 170, 1),
(171, 'Неактивный', 171, 1),
(172, 'Создать нового пользователя', 172, 1),
(173, 'Создать новую группу', 173, 1),
(174, 'Деактивировать пользователя', 174, 1),
(175, 'Вы уверены, что хотите деактивировать пользователя ''%s''', 175, 1),
(176, 'Да:', 176, 1),
(177, 'Нет:', 177, 1),
(178, 'Отправить', 178, 1),
(179, 'подтверждение', 179, 1),
(180, 'ID пользователя', 180, 1),
(181, 'Создать пользователя', 181, 1),
(182, 'Пожалуйста заполните следующую информацию.', 182, 1),
(183, 'Имя:', 183, 1),
(184, 'Фамилия:', 184, 1),
(185, 'Компания:', 185, 1),
(186, 'Email:', 186, 1),
(187, 'Телефон:', 187, 1),
(188, 'Пароль:', 188, 1),
(189, 'Подтверждение пароля:', 189, 1),
(190, 'Создать пользователя', 190, 1),
(191, 'Имя', 191, 1),
(192, 'Фамилия', 192, 1),
(193, 'Email', 193, 1),
(194, 'Первая часть телефона', 194, 1),
(195, 'Вторая часть телефона', 195, 1),
(196, 'Третья часть телефона', 196, 1),
(197, 'Компания', 197, 1),
(198, 'Пароль', 198, 1),
(199, 'Подтверждение пароля', 199, 1),
(200, 'Редактировать пользователя', 200, 1),
(201, 'Пожалуйста заполните информацию ниже.', 201, 1),
(202, 'Имя:', 202, 1),
(203, 'Фамилия:', 203, 1),
(204, 'Название компании:', 204, 1),
(205, 'Email:', 205, 1),
(206, 'Телефон:', 206, 1),
(207, 'Пароль: (если изменился)', 207, 1),
(208, 'Подтвердить пароль: (если изменился)', 208, 1),
(209, 'Член группы', 209, 1),
(210, 'Сохранить пользователя', 210, 1),
(211, 'Имя', 211, 1),
(212, 'Фамилия', 212, 1),
(213, 'Email', 213, 1),
(214, 'Первая часть телефона', 214, 1),
(215, 'Вторая часть телефона', 215, 1),
(216, 'Третья часть телефона', 216, 1),
(217, 'Компания', 217, 1),
(218, 'Группы', 218, 1),
(219, 'Пароль', 219, 1),
(220, 'Подтверждение пароля', 220, 1),
(221, 'Создать группу', 221, 1),
(222, 'Создать группу', 222, 1),
(223, 'Пожалуйста заполните следующую информацию.', 223, 1),
(224, 'Группа:', 224, 1),
(225, 'Описание:', 225, 1),
(226, 'Создать группу', 226, 1),
(227, 'Группа', 227, 1),
(228, 'Описание', 228, 1),
(229, 'Редактировать группу', 229, 1),
(230, 'Группа сохранена', 230, 1),
(231, 'Редактировать группу', 231, 1),
(232, 'Пожалуйста заполните следующую информацию.', 232, 1),
(233, 'Название группы:', 233, 1),
(234, 'Описание:', 234, 1),
(235, 'Сохранить группу', 235, 1),
(236, 'Группа', 236, 1),
(237, 'Описание', 237, 1),
(238, 'Изменить пароль', 238, 1),
(239, 'Старый пароль:', 239, 1),
(240, 'Новый пароль (минимум %s символов):', 240, 1),
(241, 'Подтвердить пароль:', 241, 1),
(242, 'Изменить', 242, 1),
(243, 'Старый пароль', 243, 1),
(244, 'Новый пароль', 244, 1),
(245, 'Подтвердить пароль', 245, 1),
(246, 'Забыли пароль', 246, 1),
(247, 'Пожалуйста введите ваш email и мы сможем отправить вам email с новым паролем.', 247, 1),
(248, '%s:', 248, 1),
(249, 'Отправить', 249, 1),
(250, 'Email', 250, 1),
(251, 'Логин', 251, 1),
(252, 'Email', 252, 1),
(253, 'Вернуться', 253, 1),
(254, 'Данная почта не найдена', 254, 1),
(255, 'Изменить пароль', 255, 1),
(256, 'Новый пароль (минимум 8 символов):', 256, 1),
(257, 'Подвердить:', 257, 1),
(258, 'Изменить', 258, 1),
(259, 'Новый пароль', 259, 1),
(260, 'Подтвердить', 260, 1),
(261, 'Активировать аккаунт для %s', 261, 1),
(262, 'Пожалуйста перейдите по ссылке для %s.', 262, 1),
(263, 'Активировать аккаунт', 263, 1),
(264, 'Сбросить пароль для %s', 264, 1),
(265, 'Пожалуста по ссылке для %s.', 265, 1),
(266, 'Сбросить пароль', 266, 1),
(267, 'Новый пароль для %s', 267, 1),
(268, 'Пароль был сброшен для: %s', 268, 1),
(269, 'ВС', 269, 1),
(270, 'ПН', 270, 1),
(271, 'ВТ', 271, 1),
(272, 'СР', 272, 1),
(273, 'ЧТ', 273, 1),
(274, 'ПТ', 274, 1),
(275, 'СБ', 275, 1),
(276, 'Вос', 276, 1),
(277, 'Пон', 277, 1),
(278, 'Втр', 278, 1),
(279, 'Срд', 279, 1),
(280, 'Чтв', 280, 1),
(281, 'Пят', 281, 1),
(282, 'Суб', 282, 1),
(283, 'Воскресенье', 283, 1),
(284, 'Понедельник', 284, 1),
(285, 'Вторник', 285, 1),
(286, 'Среда', 286, 1),
(287, 'Четверг', 287, 1),
(288, 'Пятница', 288, 1),
(289, 'Суббота', 289, 1),
(290, 'Янв', 290, 1),
(291, 'Фев', 291, 1),
(292, 'Мар', 292, 1),
(293, 'Апр', 293, 1),
(294, 'Май', 294, 1),
(295, 'Июн', 295, 1),
(296, 'Июл', 296, 1),
(297, 'Авг', 297, 1),
(298, 'Сен', 298, 1),
(299, 'Окт', 299, 1),
(300, 'Нов', 300, 1),
(301, 'Дек', 301, 1),
(302, 'Январь', 302, 1),
(303, 'Февраль', 303, 1),
(304, 'Март', 304, 1),
(305, 'Апрель', 305, 1),
(306, 'Май', 306, 1),
(307, 'Июнь', 307, 1),
(308, 'Июль', 308, 1),
(309, 'Август', 309, 1),
(310, 'Сентябрь', 310, 1),
(311, 'Октябрь', 311, 1),
(312, 'Ноябрь', 312, 1),
(313, 'Декабрь', 313, 1),
(314, 'Января', 314, 1),
(315, 'Февраля', 315, 1),
(316, 'Марта', 316, 1),
(317, 'Апреля', 317, 1),
(318, 'Майя', 318, 1),
(319, 'Июня', 319, 1),
(320, 'Июля', 320, 1),
(321, 'Августа', 321, 1),
(322, 'Сентября', 322, 1),
(323, 'Октября', 323, 1),
(324, 'Ноября', 324, 1),
(325, 'Декабря', 325, 1),
(326, 'База данных', 326, 1),
(327, 'Класс/метод', 327, 1),
(328, 'Тесты производительности', 328, 1),
(329, 'Запросы', 329, 1),
(330, 'Данные GET', 330, 1),
(331, 'Данные POST', 331, 1),
(332, 'Строка URI', 332, 1),
(333, 'Использование памяти', 333, 1),
(334, 'Переменные конфигурации', 334, 1),
(335, 'Данные сессии', 335, 1),
(336, 'Заголовки HTTP', 336, 1),
(337, 'Драйвер БД не загружен', 337, 1),
(338, 'Нет запросов', 338, 1),
(339, 'Данные POST не существуют', 339, 1),
(340, 'Данные GET не существуют', 340, 1),
(341, 'Данные URI не существуют', 341, 1),
(342, 'Данные об использовании памяти недоступны', 342, 1),
(343, 'Нет данных профайлера - все секции профайлера выключены.', 343, 1),
(344, 'Спрятать', 344, 1),
(345, 'Показать', 345, 1),
(346, 'Невозможно найти переменную POST userfile.', 346, 1),
(347, 'Загружаемый файл большего размера, чем указано в вашем конфигурационном файле PHP.', 347, 1),
(348, 'Загружаемый файл больше, чем дозволено формой загрузки.', 348, 1),
(349, 'Файл загружен только частично.', 349, 1),
(350, 'Временная директория отсутствует.', 350, 1),
(351, 'Файл не может быть записан на диск.', 351, 1),
(352, 'Загрузка файла остановлена из-за расширения.', 352, 1),
(353, 'Вы не выбрали файл.', 353, 1),
(354, 'Недопустимый тип файла.', 354, 1),
(355, 'Слишком большой файл.', 355, 1),
(357, 'Произошла проблема при попытке перемещения загруженного файла в финальное местоположение.', 357, 1),
(358, 'Неправильный путь для загрузки файлов.', 358, 1),
(359, 'Вы не указали разрешенные типы файлов.', 359, 1),
(360, 'Такое имя файла уже используется на сервере.', 360, 1),
(361, 'Директория назначения незаписываемая.', 361, 1),
(362, 'Имя теста', 362, 1),
(363, 'Тип данных теста', 363, 1),
(364, 'Ожидаемый тип данных', 364, 1),
(365, 'Результат', 365, 1),
(366, 'Неопределенное имя теста', 366, 1),
(367, 'Имя файла', 367, 1),
(368, 'Номер строки', 368, 1),
(369, 'Передано', 369, 1),
(370, 'Провалено', 370, 1),
(371, 'Булево', 371, 1),
(372, 'Целое', 372, 1),
(373, 'Вещественное', 373, 1),
(374, 'Вещественное', 374, 1),
(375, 'Строка', 375, 1),
(376, 'Массив', 376, 1),
(377, 'Объект', 377, 1),
(378, 'Ресурс', 378, 1),
(379, 'Null', 379, 1),
(380, 'Примечания', 380, 1),
(381, 'Учетная запись успешно создана', 381, 1),
(382, 'Невозможно создать учетную запись', 382, 1),
(383, 'Электронная почта используется или некорректна', 383, 1),
(384, 'Имя пользователя существует или некорректно', 384, 1),
(385, 'Пароль успешно изменен', 385, 1),
(386, 'Пароль невозможно изменить', 386, 1),
(387, 'Пароль сброшен. На электронную почту отправлено сообщение', 387, 1),
(388, 'Невозможен сброс пароля', 388, 1),
(389, 'Учетная запись активирована', 389, 1),
(390, 'Не удалось активировать учетную запись', 390, 1),
(391, 'Учетная запись деактивирована', 391, 1),
(392, 'Невозможно деактивировать учетную запись', 392, 1),
(393, 'Сообщение об активации отправлено', 393, 1),
(394, 'Сообщение об активации невозможно отправить', 394, 1),
(395, 'Авторизация прошла успешно', 395, 1),
(396, 'Логин/пароль не верен', 396, 1),
(397, 'Выход успешный', 397, 1),
(398, 'Учетная запись успешно обновлена', 398, 1),
(399, 'Невозможно обновить учетную запись', 399, 1),
(400, 'Учетная запись удалена', 400, 1),
(401, 'Невозможно удалить учетную запись', 401, 1),
(402, 'Проверка забытого пароля', 402, 1),
(403, 'Новый пароль', 403, 1),
(404, 'Активация учетной записи', 404, 1),
(405, 'Год', 405, 1),
(406, 'Лет', 406, 1),
(407, 'Месяц', 407, 1),
(408, 'Месяцев', 408, 1),
(409, 'Неделя', 409, 1),
(410, 'Недель', 410, 1),
(411, 'День', 411, 1),
(412, 'Дней', 412, 1),
(413, 'Час', 413, 1),
(414, 'Часов', 414, 1),
(415, 'Минута', 415, 1),
(416, 'Минут', 416, 1),
(417, 'Секунда', 417, 1),
(418, 'Секунд', 418, 1),
(419, '(UTC -12:00) Baker/Howland Island', 419, 1),
(420, '(UTC -11:00) Samoa Time Zone, Niue', 420, 1),
(421, '(UTC -10:00) Hawaii-Aleutian Standard Time, Cook Islands, Tahiti', 421, 1),
(422, '(UTC -9:30) Marquesas Islands', 422, 1),
(423, '(UTC -9:00) Alaska Standard Time, Gambier Islands', 423, 1),
(424, '(UTC -8:00) Pacific Standard Time, Clipperton Island', 424, 1),
(425, '(UTC -7:00) Mountain Standard Time', 425, 1),
(426, '(UTC -6:00) Central Standard Time', 426, 1),
(427, '(UTC -5:00) Eastern Standard Time, Western Caribbean Standard Time', 427, 1),
(428, '(UTC -4:30) Venezuelan Standard Time', 428, 1),
(429, '(UTC -4:00) Atlantic Standard Time, Eastern Caribbean Standard Time', 429, 1),
(430, '(UTC -3:30) Newfoundland Standard Time', 430, 1),
(431, '(UTC -3:00) Argentina, Brazil, French Guiana, Uruguay', 431, 1),
(432, '(UTC -2:00) South Georgia/South Sandwich Islands', 432, 1),
(433, '(UTC -1:00) Azores, Cape Verde Islands', 433, 1),
(434, '(UTC) Greenwich Mean Time, Western European Time', 434, 1),
(435, '(UTC +1:00) Central European Time, West Africa Time', 435, 1),
(436, '(UTC +2:00) Central Africa Time, Eastern European Time, Kaliningrad Time', 436, 1),
(437, '(UTC +3:00) Moscow Time, East Africa Time', 437, 1),
(438, '(UTC +3:30) Iran Standard Time', 438, 1),
(439, '(UTC +4:00) Azerbaijan Standard Time, Samara Time', 439, 1),
(440, '(UTC +4:30) Afghanistan', 440, 1),
(441, '(UTC +5:00) Pakistan Standard Time, Yekaterinburg Time', 441, 1),
(442, '(UTC +5:30) Indian Standard Time, Sri Lanka Time', 442, 1),
(443, '(UTC +5:45) Nepal Time', 443, 1),
(444, '(UTC +6:00) Bangladesh Standard Time, Bhutan Time, Omsk Time', 444, 1),
(445, '(UTC +6:30) Cocos Islands, Myanmar', 445, 1),
(446, '(UTC +7:00) Krasnoyarsk Time, Cambodia, Laos, Thailand, Vietnam', 446, 1),
(447, '(UTC +8:00) Australian Western Standard Time, Beijing Time, Irkutsk Time', 447, 1),
(448, '(UTC +8:45) Australian Central Western Standard Time', 448, 1),
(449, '(UTC +9:00) Japan Standard Time, Korea Standard Time, Yakutsk Time', 449, 1),
(450, '(UTC +9:30) Australian Central Standard Time', 450, 1),
(451, '(UTC +10:00) Australian Eastern Standard Time, Vladivostok Time', 451, 1),
(452, '(UTC +10:30) Lord Howe Island', 452, 1),
(453, '(UTC +11:00) Magadan Time, Solomon Islands, Vanuatu', 453, 1),
(454, '(UTC +11:30) Norfolk Island', 454, 1),
(455, '(UTC +12:00) Fiji, Gilbert Islands, Kamchatka Time, New Zealand Standard Time', 455, 1),
(456, '(UTC +12:45) Chatham Islands Standard Time', 456, 1),
(457, '(UTC +13:00) Phoenix Islands Time, Tonga', 457, 1),
(458, '(UTC +14:00) Line Islands', 458, 1),
(459, 'Невозможно найти корректный идентификатор соединения. Пожалуйста убедитесь в том, что вы сделали соединение перед выполнением операций.', 459, 1),
(460, 'Невозможно соединиться с вашим FTP-сервером, используя указанное имя хоста.', 460, 1),
(461, 'Невозможно войти на ваш FTP-сервер. Пожалуйста проверьте имя пользователя и пароль.', 461, 1),
(462, 'Невозможно создать указанную директорию.', 462, 1),
(463, 'Невозможно изменить директории.', 463, 1),
(464, 'Невозможно установить права файла. Пожалуйста проверьте путь. Примечание: эта опция доступна только для PHP 5 или выше.', 464, 1),
(465, 'Невозможно скачать указанный файл. Пожалуйста проверьте путь.', 465, 1),
(466, 'Невозможно загрузить указанный файл. Пожалуйста проверьте путь.', 466, 1),
(467, 'Невозможно найти файл-источник. Пожалуйста проверьте путь.', 467, 1),
(468, 'Невозможно переименовать файл.', 468, 1),
(469, 'Невозможно удалить файл.', 469, 1),
(470, 'Невозможно переместить файл. Убедитесь в том, что директория назначения существует.', 470, 1),
(471, 'Требуется указать %s.', 471, 1),
(472, 'Поле %s должно содержать значение.', 472, 1),
(473, 'Поле %s должно содержать правильный адрес электронной почты.', 473, 1),
(474, 'Все адреса электронной почты в поле %s должны быть правильными.', 474, 1),
(475, 'Поле %s должно содержать корректный URL.', 475, 1),
(476, 'поле %s должно содержать правильный IP.', 476, 1),
(477, 'Поле %s должно быть не короче %s симв.', 477, 1),
(478, 'Поле %s должно быть не длиннее %s симв.', 478, 1),
(479, 'Поле %s должно быть длинной точно %s симв.', 479, 1),
(480, 'Поле %s может содержать только алфавитные символы.', 480, 1),
(481, 'Поле %s может содержать только алфавитно-числовые символы.', 481, 1),
(482, 'Поле %s может содержать только алфавитно-числовые символы, знак подчеркивания и дефис.', 482, 1),
(483, 'Поле %s может содержать только числа.', 483, 1),
(484, 'Поле %s может содержать только числовые символы.', 484, 1),
(485, 'Поле %s может содержать целое число.', 485, 1),
(486, 'Поле %s некорректного формата.', 486, 1),
(487, 'Поле %s должно совпадать с полем %s.', 487, 1),
(488, 'Поле %s должно содержать уникальное значение.', 488, 1),
(489, 'Поле %s должно содержать только положительные числа.', 489, 1),
(490, 'Поле %s должно содержать число больше ноля.', 490, 1),
(491, 'Поле %s должно содержать десятичное число.', 491, 1),
(492, 'Поле %s  должно содержать число меньше %s.', 492, 1),
(493, 'Поле %s  должно содержать число больше %s.', 493, 1),
(494, 'TB', 494, 1),
(495, 'GB', 495, 1),
(496, 'MB', 496, 1),
(497, 'KB', 497, 1),
(498, 'Bytes', 498, 1),
(760, 'Ключ', 499, 1),
(761, 'Группа', 500, 1),
(763, 'Файл Языков', 501, 1),
(764, 'profiler_get', 502, 1),
(765, 'profiler_post', 503, 1),
(766, 'profiler_http_headers', 504, 1),
(770, 'Внутренняя ссылка(Генерируеться)', 506, 1),
(780, 'FAQs', 515, 1),
(781, 'Вопрос', 516, 1),
(782, 'Ответ', 517, 1),
(789, 'Не допустимые размеры', 356, 1),
(805, 'окончание', 536, 1),
(806, 'Сотрудники', 537, 1),
(807, 'Специальность', 541, 1),
(809, 'Фамилия', 542, 1),
(810, 'Телефон', 543, 1),
(811, 'День рождение ', 544, 1),
(812, 'Адрес', 545, 1),
(813, 'Зарплата', 546, 1),
(815, 'День зарплаты', 547, 1),
(817, 'Заказчики', 548, 1),
(818, 'Проекты', 549, 1),
(819, 'Бюджет', 550, 1),
(820, 'ТЗ', 551, 1),
(821, 'Договор', 552, 1),
(822, 'Дата начала ', 553, 1),
(823, 'Дата окончания ', 554, 1),
(825, 'Банковская карта ', 556, 1),
(826, 'Валюта', 557, 1),
(827, 'сокр.', 558, 1),
(828, 'Ссылка', 559, 1),
(829, 'Долги', 555, 1),
(831, 'Доходы', 560, 1),
(832, 'Выход', 561, 1),
(833, 'Клубы', 562, 1),
(834, 'Событие', 563, 1),
(835, 'Дата события', 564, 1),
(837, 'Клуб', 565, 1),
(838, 'Соц.сети', 566, 1),
(839, 'Логин', 567, 1),
(840, 'Фамилия', 568, 1),
(841, 'Пароль еще раз', 569, 1),
(842, 'Пароль', 570, 1),
(843, 'Companies', 571, 1),
(844, 'Full application form', 572, 1),
(846, 'Short application form', 573, 1),
(847, 'Слайды', 574, 1),
(848, 'Предложения', 575, 1),
(850, 'Шрифты', 576, 1),
(851, 'Шрифт %s уже существует в базе', 577, 1),
(852, 'Главная', 578, 1),
(853, 'Блог', 579, 1),
(854, 'Программы', 580, 1),
(855, 'Добавить шрифт', 581, 1),
(856, 'Особеные шрифты', 582, 1),
(857, 'Предложения', 583, 1),
(858, 'Типы шрифтов', 584, 1),
(860, 'Типы шрифтов', 586, 1),
(861, 'Бесплатные шрифты', 587, 1),
(862, 'Обратная связь', 588, 1),
(863, 'Категория шрифтов', 585, 1),
(864, 'Полезное', 589, 1),
(865, 'Порядок категорий', 590, 1);

-- --------------------------------------------------------

--
-- Структура таблиці `pages`
--

CREATE TABLE IF NOT EXISTS `pages` (
  `id` int(11) NOT NULL AUTO_INCREMENT,
  `name` varchar(255) NOT NULL,
  `keywords` varchar(255) NOT NULL,
  `description` varchar(255) NOT NULL,
  `text` text NOT NULL,
  `date` timestamp NOT NULL DEFAULT CURRENT_TIMESTAMP,
  `uri` varchar(255) NOT NULL,
  `status` enum('0','1') NOT NULL DEFAULT '1',
  PRIMARY KEY (`id`)
) ENGINE=InnoDB  DEFAULT CHARSET=utf8 AUTO_INCREMENT=4 ;

--
-- Дамп даних таблиці `pages`
--

INSERT INTO `pages` (`id`, `name`, `keywords`, `description`, `text`, `date`, `uri`, `status`) VALUES
(3, 'Особенные шрифты', 'Особенные шрифты', 'Особенные шрифты', '<p>Особенные шрифты</p>', '2015-09-05 00:05:37', 'special', '1');

-- --------------------------------------------------------

--
-- Структура таблиці `sessions_tb`
--

CREATE TABLE IF NOT EXISTS `sessions_tb` (
  `id` varchar(40) NOT NULL,
  `ip_address` varchar(45) NOT NULL,
  `timestamp` int(10) unsigned NOT NULL DEFAULT '0',
  `data` blob NOT NULL,
  PRIMARY KEY (`id`),
  KEY `ci_sessions_timestamp` (`timestamp`)
) ENGINE=InnoDB DEFAULT CHARSET=utf8;

--
-- Дамп даних таблиці `sessions_tb`
--

INSERT INTO `sessions_tb` (`id`, `ip_address`, `timestamp`, `data`) VALUES
('0c284e35b08324b7776cda77f9b1bce97e3b8de3', '178.150.113.172', 1442170353, 0x5f5f63695f6c6173745f726567656e65726174657c693a313434323137303335333b6964656e746974797c733a343a2264656d6f223b757365726e616d657c733a343a2264656d6f223b656d61696c7c733a31393a226d61696c407765626361706974616e2e636f6d223b757365725f69647c733a313a2235223b6f6c645f6c6173745f6c6f67696e7c733a31303a2231343431393638353031223b67726f75705f69647c733a313a2231223b6661766f72697465737c613a343a7b693a3235363b733a333a22323536223b693a3235373b733a333a22323537223b693a3235383b733a333a22323538223b693a3235393b733a333a22323539223b7d),
('0f46f4ae95799e5f61ba99d364639697b44340aa', '95.108.158.160', 1442126341, 0x5f5f63695f6c6173745f726567656e65726174657c693a313434323132363334313b),
('0fd8e315140647fd969bf0650bc2c449068aab40', '37.140.188.38', 1442124345, 0x5f5f63695f6c6173745f726567656e65726174657c693a313434323132343334353b),
('2463d82a7ea82616ca8258d4126a5fc1991691f1', '178.150.113.172', 1442079240, 0x5f5f63695f6c6173745f726567656e65726174657c693a313434323037393137333b6661766f72697465737c613a303a7b7d74797065737c613a313a7b693a303b733a373a226c6174696e6963223b7d),
('2fa1b2ba5e7956e973b14c30007ddb4bc2712b5a', '95.108.158.160', 1442124360, 0x5f5f63695f6c6173745f726567656e65726174657c693a313434323132343336303b),
('3bce216e00430758526f17434a4595a1acb11fae', '178.150.113.172', 1442172661, 0x5f5f63695f6c6173745f726567656e65726174657c693a313434323137323632303b6964656e746974797c733a343a2264656d6f223b757365726e616d657c733a343a2264656d6f223b656d61696c7c733a31393a226d61696c407765626361706974616e2e636f6d223b757365725f69647c733a313a2235223b6f6c645f6c6173745f6c6f67696e7c733a31303a2231343431393638353031223b67726f75705f69647c733a313a2231223b6661766f72697465737c613a343a7b693a3235363b733a333a22323536223b693a3235373b733a333a22323537223b693a3235383b733a333a22323538223b693a3235393b733a333a22323539223b7d),
('3e1cbb7046fefecbdd1f937cfdcdeca455c469a7', '95.108.158.160', 1442132411, 0x5f5f63695f6c6173745f726567656e65726174657c693a313434323133323431313b),
('40f69177eda8c7e42cdb0460ca071f8006548ada', '195.34.206.150', 1442158792, 0x5f5f63695f6c6173745f726567656e65726174657c693a313434323135383739323b),
('4727dbc9f0a9cd65327fdd2babecfc9caf445a46', '195.34.206.150', 1442159974, 0x5f5f63695f6c6173745f726567656e65726174657c693a313434323135393931373b6661766f72697465737c613a333a7b693a3235363b733a333a22323536223b693a3235373b733a333a22323537223b693a3235383b733a333a22323538223b7d),
('63a60906ba056d54eb432d1abb019c64d12529cf', '95.108.158.160', 1442122406, 0x5f5f63695f6c6173745f726567656e65726174657c693a313434323132323430363b),
('6900a734077a8c39eb64fb16a0cb7a965f01001d', '95.108.158.160', 1442111663, 0x5f5f63695f6c6173745f726567656e65726174657c693a313434323131313636333b),
('79306da52589649def0e230b9b07e08b0e2a3d08', '178.150.113.172', 1442054605, 0x5f5f63695f6c6173745f726567656e65726174657c693a313434323035343438383b6661766f72697465737c613a303a7b7d),
('79869a5e07d195e75a9b03e49de42ccccd59b57a', '178.74.233.194', 1442181263, 0x5f5f63695f6c6173745f726567656e65726174657c693a313434323138313236333b),
('7a8ead484264c982f44a24ddf98b7dcff5f0ec2c', '37.140.188.38', 1442115784, 0x5f5f63695f6c6173745f726567656e65726174657c693a313434323131353738343b),
('7b90c35049192b264c0dc8e1169acc7ad128ea56', '37.140.188.38', 1442132926, 0x5f5f63695f6c6173745f726567656e65726174657c693a313434323133323932363b),
('81efaa42de9ebbcb78a90713422aecacfc266750', '95.108.158.160', 1442124443, 0x5f5f63695f6c6173745f726567656e65726174657c693a313434323132343434333b),
('84a3f43c20e2163bd70a8a65a750b5717f72315d', '37.140.188.38', 1442122386, 0x5f5f63695f6c6173745f726567656e65726174657c693a313434323132323338363b),
('8e5eb09bf102f819d24fb0f479177a574d7edef9', '95.108.158.160', 1442115351, 0x5f5f63695f6c6173745f726567656e65726174657c693a313434323131353335313b),
('92447e69fc4265cc817c1d433f5b138728dfaf80', '178.150.113.172', 1442056316, 0x5f5f63695f6c6173745f726567656e65726174657c693a313434323035363331363b6661766f72697465737c613a303a7b7d),
('ac40d9fd851c490ea65dc7e4ce9fc2027a7f40c2', '178.150.113.172', 1442052413, 0x5f5f63695f6c6173745f726567656e65726174657c693a313434323035323431333b6661766f72697465737c613a303a7b7d),
('b31db74e81c3bf372e1fad9b04d1553e5bf6bc9b', '95.108.158.160', 1442115367, 0x5f5f63695f6c6173745f726567656e65726174657c693a313434323131353336373b),
('b9114e5df3b1084577e0e72419b10bd1a6e3428f', '178.150.113.172', 1442179057, 0x5f5f63695f6c6173745f726567656e65726174657c693a313434323137393035303b6964656e746974797c733a343a2264656d6f223b757365726e616d657c733a343a2264656d6f223b656d61696c7c733a31393a226d61696c407765626361706974616e2e636f6d223b757365725f69647c733a313a2235223b6f6c645f6c6173745f6c6f67696e7c733a31303a2231343431393638353031223b67726f75705f69647c733a313a2231223b6661766f72697465737c613a343a7b693a3235363b733a333a22323536223b693a3235373b733a333a22323537223b693a3235383b733a333a22323538223b693a3235393b733a333a22323539223b7d74797065737c613a313a7b693a303b733a373a22637972696c6963223b7d),
('ba1d0ca3fd48f8a474fb200dc80a1f52733ef15f', '37.140.188.38', 1442124445, 0x5f5f63695f6c6173745f726567656e65726174657c693a313434323132343434353b),
('d66b8d11784d24968ac68da8fb3667dc316cd334', '195.34.206.150', 1442155959, 0x5f5f63695f6c6173745f726567656e65726174657c693a313434323135353935393b),
('dadd6291434faec5fd500851283d4cdf32057caa', '37.140.188.38', 1442110933, 0x5f5f63695f6c6173745f726567656e65726174657c693a313434323131303933333b),
('dc4795dde5d4e8b3f7959f4476cf7b0507cb8a6b', '178.150.113.172', 1442169646, 0x5f5f63695f6c6173745f726567656e65726174657c693a313434323136393431323b6964656e746974797c733a343a2264656d6f223b757365726e616d657c733a343a2264656d6f223b656d61696c7c733a31393a226d61696c407765626361706974616e2e636f6d223b757365725f69647c733a313a2235223b6f6c645f6c6173745f6c6f67696e7c733a31303a2231343431393638353031223b67726f75705f69647c733a313a2231223b6661766f72697465737c613a343a7b693a3235363b733a333a22323536223b693a3235373b733a333a22323537223b693a3235383b733a333a22323538223b693a3235393b733a333a22323539223b7d),
('df5409c5555424de9612078e6906846204f75e5a', '95.108.158.160', 1442116999, 0x5f5f63695f6c6173745f726567656e65726174657c693a313434323131363939393b),
('f70e69b8e28f939c78f8877d134cd6d686ac0873', '95.108.158.160', 1442110931, 0x5f5f63695f6c6173745f726567656e65726174657c693a313434323131303933313b);

-- --------------------------------------------------------

--
-- Структура таблиці `settings`
--

CREATE TABLE IF NOT EXISTS `settings` (
  `id` int(11) NOT NULL AUTO_INCREMENT,
  `field` varchar(255) NOT NULL,
  `name` varchar(255) NOT NULL,
  `value` text NOT NULL,
  `end` varchar(50) NOT NULL,
  `type` varchar(255) NOT NULL DEFAULT 'field',
  `autoload` enum('0','1') NOT NULL DEFAULT '0',
  PRIMARY KEY (`id`),
  KEY `id` (`id`)
) ENGINE=MyISAM  DEFAULT CHARSET=utf8 AUTO_INCREMENT=12 ;

--
-- Дамп даних таблиці `settings`
--

INSERT INTO `settings` (`id`, `field`, `name`, `value`, `end`, `type`, `autoload`) VALUES
(1, 'title', 'Title', 'ffont.ru', '', 'field', '0'),
(2, 'keywords', 'keywords', 'zdfgrtg', '', 'field', '0'),
(3, 'description', 'description', 'sergetr', '', 'field', '0');

-- --------------------------------------------------------

--
-- Структура таблиці `users`
--

CREATE TABLE IF NOT EXISTS `users` (
  `id` int(11) NOT NULL AUTO_INCREMENT,
  `group_id` int(11) NOT NULL,
  `img` varchar(255) NOT NULL,
  `ip_address` varbinary(16) NOT NULL,
  `name` varchar(110) NOT NULL,
  `surname` varchar(255) NOT NULL,
  `username` varchar(100) NOT NULL,
  `post` int(11) NOT NULL,
  `password` varchar(80) NOT NULL,
  `salt` varchar(40) DEFAULT NULL,
  `email` varchar(100) NOT NULL,
  `activation_code` varchar(40) DEFAULT NULL,
  `forgotten_password_code` varchar(40) DEFAULT NULL,
  `forgotten_password_time` int(11) unsigned DEFAULT NULL,
  `remember_code` varchar(40) DEFAULT NULL,
  `created_on` int(11) unsigned NOT NULL,
  `experience` varchar(255) NOT NULL,
  `last_login` int(11) unsigned DEFAULT NULL,
  `active` enum('0','1') NOT NULL DEFAULT '1',
  `first_name` varchar(50) DEFAULT NULL,
  `last_name` varchar(50) DEFAULT NULL,
  `company` varchar(100) DEFAULT NULL,
  `location` varchar(255) NOT NULL,
  `country` varchar(255) NOT NULL,
  `city` varchar(255) NOT NULL,
  `phone` varchar(20) DEFAULT NULL,
  `skype` varchar(120) DEFAULT NULL,
  `icq` varchar(120) DEFAULT NULL,
  `file` varchar(255) NOT NULL,
  `uid` varchar(255) NOT NULL,
  `site` varchar(255) NOT NULL,
  `online` int(11) NOT NULL,
  `uri` varchar(255) NOT NULL,
  `info` text NOT NULL,
  PRIMARY KEY (`id`),
  KEY `group_id` (`group_id`)
) ENGINE=InnoDB  DEFAULT CHARSET=utf8 AUTO_INCREMENT=6 ;

--
-- Дамп даних таблиці `users`
--

;

-- --------------------------------------------------------

--
-- Структура таблиці `users_groups`
--

CREATE TABLE IF NOT EXISTS `users_groups` (
  `id` int(11) unsigned NOT NULL,
  `name` varchar(20) NOT NULL,
  `description` varchar(100) NOT NULL,
  PRIMARY KEY (`id`)
) ENGINE=InnoDB DEFAULT CHARSET=utf8;

--
-- Дамп даних таблиці `users_groups`
--

INSERT INTO `users_groups` (`id`, `name`, `description`) VALUES
(1, 'administrator', 'РђРґРјРёРЅРёСЃС‚СЂР°С‚РѕСЂ');

--
-- Обмеження зовнішнього ключа збережених таблиць
--

--
-- Обмеження зовнішнього ключа таблиці `lang_key`
--
ALTER TABLE `lang_key`
  ADD CONSTRAINT `lang_key_ibfk_1` FOREIGN KEY (`group_id`) REFERENCES `lang_groups` (`id`) ON DELETE CASCADE ON UPDATE CASCADE;

/*!40101 SET CHARACTER_SET_CLIENT=@OLD_CHARACTER_SET_CLIENT */;
/*!40101 SET CHARACTER_SET_RESULTS=@OLD_CHARACTER_SET_RESULTS */;
/*!40101 SET COLLATION_CONNECTION=@OLD_COLLATION_CONNECTION */;
